488,Billie Eilish ,you should see me in a crown,325,3.0,7,0,1608603,1.07243178E8
262,Tate McRae ,you broke me first,503,0.0,16,0,664700,1.72703722E8
571,Playboi Carti ,wokeuplikethis*,325,0.0,52,0,443339,9.3644916E7
430,Billie Eilish ,wish you were gay,271,16.0,2,(x2),2039013,1.19110503E8
813,Taylor Swift ,willow,135,15.0,1,(x6),3645354,6.4646281E7
899,XXXTENTACION ,whoa (mind in awe),114,8.0,1,(x1),2064041,5.8262282E7
55,Billie Eilish ,when the party's over,787,9.0,5,0,1592762,3.31192577E8
104,Olivia Rodrigo ,traitor,522,56.0,3,(x15),2709147,2.71379624E8
534,XXXTENTACION ,the remedy for a broken heart (why am I so in love),287,2.0,8,0,1947379,9.938059E7
275,Kali Uchis ,telepatía,395,44.0,3,(x8),1064644,1.64803198E8
780,WILLOW ,t r a n s p a r e n t s o u l feat. Travis Barker,179,0.0,19,0,691053,6.7979967E7
960,Tate McRae ,she's all i wanna be,163,1.0,10,0,716119,5.499206E7
5,Post Malone ,rockstar,1223,186.0,1,(x124),2905678,7.18865961E8
585,Gunna ,pushin P,156,70.0,2,(x22),1264487,9.1543896E7
966,Ariana Grande ,pov,119,11.0,6,0,1537730,5.4533829E7
261,Ariana Grande ,positions,333,69.0,1,(x25),2805107,1.72797966E8
322,Young Thug ,pick up the phone,552,0.0,29,0,455209,1.46950542E8
807,J. Cole ,p r i d e . i s . t h e . d e v i l,157,7.0,2,(x1),3545460,6.4787724E7
486,Jeremih ,oui,419,0.0,21,0,528778,1.07730094E8
268,Billie Eilish ,ocean eyes,623,0.0,61,0,410592,1.68543006E8
232,Ariana Grande ,no tears left to cry,384,5.0,6,0,1783330,1.80563889E8
162,Machine Gun Kelly ,my ex's best friend,596,3.0,9,0,891324,2.23702831E8
709,J. Cole ,m y . l i f e,173,7.0,1,(x1),4075637,7.4605156E7
26,Billie Eilish ,lovely,1250,0.0,18,0,733267,4.37911914E8
856,CKay ,love nwantiti (ah ah ah),188,0.0,27,0,509139,6.1186051E7
754,Ariana Grande ,imagine,125,8.0,2,(x1),2083605,6.99987E7
870,Surf Mesa ,ily,186,0.0,46,0,468351,6.0238195E7
408,Billie Eilish ,idontwannabeyouanymore,400,0.0,40,0,516523,1.23991487E8
115,KYLE ,iSpy,512,106.0,2,(x8),1336415,2.62041081E8
629,Lauv ,i'm so tired...,205,0.0,22,0,751627,8.4670678E7
583,Billie Eilish ,i love you,315,0.0,14,0,1195368,9.1793788E7
582,Lil Skies ,i,282,0.0,13,0,860070,9.1934808E7
69,blackbear ,hot girl bummer,742,45.0,5,0,1032214,3.12411378E8
478,Olivia Rodrigo ,happier,228,29.0,5,0,2279399,1.09009363E8
6,Travis Scott ,goosebumps,1995,4.0,8,0,977275,6.72972704E8
24,Olivia Rodrigo ,good 4 u,547,187.0,1,(x53),4974833,4.5410061E8
597,JVKE ,golden hour,128,8.0,9,0,951092,8.907753E7
300,Olivia Rodrigo ,favorite crime,384,32.0,4,0,1886343,1.56762362E8
154,Baby Keem ,family ties,487,29.0,3,(x1),1422177,2.32461442E8
863,Taylor Swift ,exile,133,15.0,2,(x4),3829002,6.0795539E7
196,Billie Eilish ,everything i wanted,435,42.0,1,(x4),2128318,1.99922212E8
892,Olivia Rodrigo ,enough for you,105,14.0,5,0,2366217,5.8572337E7
43,Olivia Rodrigo ,drivers license,613,99.0,1,(x46),6145601,3.8108571E8
482,blackbear ,do re mi,373,0.0,26,0,628184,1.08380091E8
75,Olivia Rodrigo ,deja vu,562,106.0,2,(x20),2794828,3.04638969E8
193,Powfu ,death bed,478,7.0,9,0,797933,2.00371352E8
161,XXXTENTACION ,changes,560,7.0,4,0,2449891,2.25063813E8
773,Taylor Swift ,cardigan,152,15.0,1,(x6),3937822,6.8550662E7
242,Billie Eilish ,bury a friend,364,16.0,3,(x2),2139874,1.76834584E8
495,Olivia Rodrigo ,brutal,211,21.0,2,(x1),2849969,1.06587197E8
546,Ariana Grande ,breathin,203,13.0,4,0,1653237,9.7210521E7
777,Ariana Grande ,boyfriend,120,19.0,1,(x1),2080337,6.8075759E7
715,Billie Eilish ,bellyache,257,0.0,39,0,522259,7.3988829E7
641,Travis Scott ,beibs in the trap,375,0.0,95,0,275790,8.3265953E7
41,Billie Eilish ,bad guy,652,108.0,1,(x20),2931099,3.85813103E8
965,Taylor Swift ,august,146,7.0,6,0,2840040,5.4625767E7
974,Billie Eilish ,all the good girls go to hell,151,5.0,3,(x1),1817790,5.3993006E7
460,GAYLE ,abcdefu,210,61.0,5,0,940468,1.12733991E8
201,21 Savage ,a lot,412,24.0,2,(x1),1525801,1.97950103E8
117,Kodak Black ,ZEZE,402,103.0,1,(x16),2823276,2.60612786E8
313,JAY,Z  Ni**as In Paris,995,0.0,97,0,318805,1.51213181E8
790,Justin Bieber ,Yummy,118,15.0,2,(x2),1863557,6.6838785E7
152,5 Seconds of Summer ,Youngblood,608,0.0,12,0,944436,2.33302902E8
51,Khalid ,Young Dumb & Broke,904,69.0,5,0,1045479,3.49563888E8
787,Halsey ,You should be sad,133,1.0,10,0,1186977,6.7248866E7
358,Lil Uzi Vert ,You Was Right,501,0.0,26,0,490509,1.3800104E8
331,Doja Cat ,You Right,386,13.0,4,0,1574035,1.44688259E8
343,Morgan Wallen ,You Proof,230,6.0,9,0,1723507,1.41716685E8
454,Taylor Swift ,You Need To Calm Down,250,22.0,1,(x1),2459661,1.13303615E8
818,Jason Aldean ,You Make It Easy,241,0.0,70,0,381990,6.4374823E7
714,Marc E. Bassy ,You & Me,214,0.0,16,0,619529,7.4019535E7
375,Bad Bunny ,Yonaguni,347,14.0,3,(x2),1727530,1.33665412E8
36,Lil Baby ,Yes Indeed,970,43.0,2,(x9),1838350,4.00193604E8
742,Troye Sivan ,YOUTH,249,0.0,18,0,484289,7.0909568E7
395,Travis Scott ,YOSEMITE,320,4.0,7,0,2092634,1.27780533E8
350,Yot Club ,YKWIM?,504,0.0,58,0,351933,1.39804345E8
3,Lil Uzi Vert ,XO TOUR Llif3,1853,212.0,1,(x4),1660502,7.81153024E8
239,21 Savage ,X,555,0.0,14,0,597896,1.78576237E8
33,Post Malone ,Wow.,699,115.0,1,(x6),2317682,4.05812776E8
881,Fifth Harmony ,Worth It,300,0.0,13,0,391863,5.9256843E7
855,YK Osiris ,Worth It,221,0.0,68,0,365266,6.1209429E7
223,Fifth Harmony ,Work from Home,420,116.0,3,(x21),1004803,1.84122003E8
608,J. Cole ,Work Out,346,0.0,96,0,323602,8.6907626E7
195,Rihanna ,Work,408,91.0,1,(x62),1843176,1.99973584E8
155,Doja Cat ,Woman,489,26.0,7,0,864796,2.32370353E8
530,Selena Gomez ,Wolves,212,9.0,3,(x1),1274551,1.00276358E8
414,Lil Baby ,Woah,269,0.0,11,0,1046993,1.22876453E8
59,Halsey ,Without Me,617,113.0,5,0,1345243,3.20826979E8
93,Juice WRLD ,Wishing Well,625,65.0,1,(x6),2817191,2.77821416E8
357,DJ Khaled ,Wild Thoughts,231,71.0,1,(x1),1578440,1.38033504E8
702,Alessia Cara ,Wild Things,230,0.0,20,0,524887,7.5034774E7
949,Future ,Wicked,218,0.0,32,0,407393,5.5381955E7
464,CJ ,Whoopty,230,58.0,3,(x3),834077,1.11327394E8
758,Nardo Wick ,Who Want Smoke??,197,0.0,19,0,544100,6.970077E7
982,The Chainsmokers ,Who Do You Love,160,0.0,28,0,796933,5.3239474E7
84,Post Malone ,White Iverson,1069,45.0,7,0,613541,2.88882157E8
333,Bing Crosby ,White Christmas,280,17.0,1,(x1),2836396,1.44606354E8
42,Morgan Wallen ,Whiskey Glasses,1324,0.0,33,0,447546,3.85368118E8
622,Future ,Where Ya At,447,0.0,24,0,305171,8.5639079E7
366,Jack Ü ,Where Are Ü Now,447,118.0,3,(x1),564731,1.35999812E8
411,Luke Combs ,When It Rains It Pours,565,0.0,84,0,306131,1.23431139E8
570,Drake ,What’s Next,189,22.0,1,(x14),3687689,9.3677191E7
228,Pop Smoke ,What You Know Bout Love,422,44.0,5,0,945575,1.82024316E8
507,Russ ,What They Want,537,0.0,56,0,299961,1.03833455E8
457,Maroon 5 ,What Lovers Do,227,4.0,7,0,925163,1.13203255E8
573,Kane Brown ,What Ifs,381,0.0,45,0,464191,9.3232207E7
219,Justin Bieber ,What Do You Mean?,413,153.0,1,(x24),1358577,1.85795808E8
170,J. Cole ,Wet Dreamz,1130,0.0,12,0,397175,2.17277232E8
744,AJR ,Weak,254,0.0,26,0,487994,7.0880026E7
992,Dua Lipa ,We're Good,154,1.0,10,0,695072,5.2250269E7
504,Lil Baby ,We Paid,283,10.0,9,0,824708,1.04746275E8
537,Charlie Puth ,We Don't Talk Anymore,319,0.0,15,0,671737,9.8211121E7
265,Drake ,Way 2 Sexy,280,68.0,1,(x12),4962771,1.70202629E8
943,Kanye West ,Waves,252,0.0,14,0,587368,5.5997889E7
32,Harry Styles ,Watermelon Sugar,988,65.0,3,(x3),1609066,4.09073262E8
897,Silentó ,Watch Me (Whip / Nae Nae),242,22.0,8,0,475998,5.8353609E7
131,Morgan Wallen ,Wasted On You,687,10.0,1,(x1),1232815,2.46675467E8
519,Juice WRLD ,Wasted,268,0.0,20,0,709978,1.01797919E8
79,Drake ,Wants and Needs,645,25.0,2,(x10),3489465,2.97154583E8
632,NAV ,Wanted You,236,0.0,23,0,619512,8.4451429E7
696,Jason Derulo ,Want to Want Me,347,73.0,4,0,554586,7.5507123E7
270,Migos ,Walk It Talk It,358,14.0,3,(x1),1584838,1.68214275E8
451,NLE Choppa ,Walk Em Down,246,0.0,12,0,730180,1.13510926E8
215,Gucci Mane ,Wake Up in the Sky,340,14.0,6,0,1070430,1.89926403E8
465,WILLOW ,Wait a Minute!,384,0.0,12,0,578328,1.11162304E8
834,Quavo ,WORKIN ME,168,0.0,27,0,805382,6.3244762E7
321,The Kid LAROI ,WITHOUT YOU,338,33.0,6,0,769614,1.47434939E8
172,Jack Harlow ,WHATS POPPIN,444,77.0,6,0,1030175,2.1262078E8
141,Jack Harlow ,WHATS POPPIN,519,89.0,2,(x12),1248272,2.38356467E8
80,Cardi B ,WAP,417,112.0,1,(x64),3030510,2.96670667E8
291,Future ,WAIT FOR U,243,24.0,2,(x1),1885004,1.60359546E8
938,Taylor Swift ,Vigilante Shit,56,11.0,7,0,5696233,5.6313777E7
846,Bad Bunny ,Vete,166,2.0,5,0,1196381,6.2061796E7
418,Doja Cat ,Vegas (From the Original Motion Picture Soundtrack ELVIS),234,29.0,7,0,922178,1.21176458E8
386,DaBaby ,VIBEZ,285,2.0,4,0,1371845,1.29872425E8
847,24kGoldn ,VALENTINO,183,0.0,41,0,482635,6.1991694E7
362,Mark Ronson ,Uptown Funk,531,127.0,1,(x56),778194,1.36885294E8
932,Lil Wayne ,Uproar,134,6.0,3,(x1),3113147,5.6468238E7
336,Cardi B ,Up,247,76.0,2,(x4),1133283,1.43743718E8
536,Stephen Sanchez ,Until I Found You,229,0.0,27,0,538505,9.864711E7
425,Sam Smith ,Unholy,98,58.0,1,(x28),2488457,1.20201022E8
755,Thomas Rhett ,Unforgettable,268,0.0,35,0,552787,6.9984146E7
87,French Montana ,Unforgettable,501,136.0,1,(x7),1275953,2.87042302E8
443,Kelly Clarkson ,Underneath the Tree,202,9.0,8,0,2346598,1.15764085E8
805,Chris Brown ,Under The Influence,142,0.0,21,0,641846,6.5353666E7
869,Bad Bunny ,Un Ratito,154,3.0,9,0,1731264,6.0425066E7
772,MadeinTYO ,Uber Everywhere,294,0.0,32,0,397437,6.8560327E7
513,Jack Harlow ,Tyler Herro,285,7.0,9,0,905350,1.02414445E8
926,KAROL G ,Tusa,159,0.0,34,0,621631,5.6824409E7
243,Kodak Black ,Tunnel Vision,396,38.0,5,0,1173162,1.76688536E8
58,Lizzo ,Truth Hurts,535,161.0,2,(x3),1400026,3.21459791E8
804,Ella Mai ,Trip,196,0.0,35,0,590514,6.5368178E7
390,Shawn Mendes ,Treat You Better,321,1.0,10,0,740821,1.29275991E8
209,Fetty Wap ,Trap Queen,622,159.0,1,(x31),844118,1.94792972E8
809,Kodak Black ,Transportin',209,0.0,30,0,567313,6.4739053E7
782,Trippie Redd ,Topanga,161,2.0,10,0,1161478,6.7871555E7
286,Drake ,Toosie Slide,239,79.0,1,(x20),2670968,1.61667752E8
884,Kodak Black ,Too Many Years,273,0.0,61,0,308283,5.9001162E7
510,Sam Smith ,Too Good At Goodbyes,219,32.0,3,(x5),1243963,1.02793276E8
184,Drake ,Too Good,359,150.0,2,(x19),1092508,2.05088227E8
403,Grouplove ,Tongue Tied,525,0.0,100,0,284533,1.25880696E8
746,Rauw Alejandro ,Todo De Ti,161,0.0,14,0,818279,7.0548618E7
177,Bad Bunny ,Tití Me Preguntó,237,151.0,3,(x11),1885979,2.07857104E8
883,Desiigner ,Tiimmy Turner,189,0.0,20,0,555851,5.9015382E7
122,Imagine Dragons ,Thunder,724,0.0,16,0,723572,2.57758821E8
736,Morgan Wallen ,Thought You Should Know,230,0.0,14,0,1392859,7.1563009E7
540,Blueface ,Thotiana,175,15.0,6,0,1269217,9.8052157E7
693,Megan Thee Stallion ,Thot Shit,155,2.0,10,0,903858,7.5741224E7
314,Calvin Harris ,This Is What You Came For,288,106.0,2,(x1),975411,1.49620244E8
506,Childish Gambino ,This Is America,157,29.0,1,(x13),2753489,1.03964722E8
652,The Chainsmokers ,This Feeling,251,0.0,21,0,820199,8.0978407E7
907,Rae Sremmurd ,This Could Be Us,339,0.0,20,0,371328,5.7990446E7
227,Ed Sheeran ,Thinking out Loud,792,118.0,1,(x3),665278,1.82153495E8
470,Billie Eilish ,Therefore I Am,237,15.0,1,(x7),1754735,1.09936841E8
484,Shawn Mendes ,There's Nothing Holdin' Me Back,278,0.0,26,0,711457,1.07955518E8
575,Pop Smoke ,The Woo,215,5.0,3,(x1),1284269,9.3098286E7
828,SZA ,The Weekend,265,0.0,75,0,310749,6.3699242E7
118,Lil Uzi Vert ,The Way Life Goes,834,21.0,4,0,1232419,2.6056517E8
259,Mac Miller ,The Spins,612,0.0,54,0,369869,1.73209349E8
967,Mike Perry ,The Ocean,166,0.0,35,0,451353,5.4469375E7
533,Lord Huron ,The Night We Met,405,0.0,43,0,513171,9.9390592E7
164,Zedd ,The Middle,561,45.0,5,0,1159767,2.23370198E8
189,Young Thug ,The London,401,49.0,1,(x3),2397579,2.03093189E8
175,Tame Impala ,The Less I Know The Better,893,0.0,103,0,323134,2.09554986E8
602,Luke Combs ,The Kind of Love We Make,193,1.0,9,0,972167,8.8164187E7
39,The Weeknd ,The Hills,1243,194.0,1,(x6),1147436,3.92023505E8
346,Nat King Cole ,The Christmas Song (Merry Christmas To You),232,12.0,5,0,3214273,1.4107136E8
19,Roddy Ricch ,The Box,650,197.0,1,(x85),3781452,5.04210201E8
984,Maren Morris ,The Bones,187,0.0,51,0,470810,5.3108609E7
900,Lil Baby ,The Bigger Picture,130,14.0,3,(x3),1140438,5.8137365E7
133,Bruno Mars ,That's What I Like,517,78.0,3,(x3),1236698,2.45642565E8
731,Lil Uzi Vert ,That Way  Bonus Track,173,12.0,3,(x4),1612464,7.2092494E7
203,Dan + Shay ,Tequila,723,0.0,48,0,483056,1.96958667E8
301,Chris Stapleton ,Tennessee Whiskey,747,0.0,34,0,440951,1.5670737E8
440,Cochise ,Tell Em,352,0.0,26,0,651174,1.16861554E8
913,Twenty One Pilots ,Tear in My Heart,477,0.0,53,0,176115,5.7900229E7
471,Nio Garcia ,Te Boté  Remix,303,0.0,35,0,552785,1.09733059E8
102,Tyga ,Taste,486,54.0,3,(x1),1484893,2.7229313E8
704,Bad Bunny ,Tarot,172,2.0,10,0,1639773,7.4979912E7
861,NAV ,Tap,191,0.0,46,0,521319,6.1001749E7
873,Bruno Mars ,Talking to the Moon,242,0.0,56,0,341216,5.9926571E7
961,Tove Lo ,Talking Body,260,4.0,8,0,470463,5.4890193E7
237,Khalid ,Talk,341,42.0,5,0,1284719,1.78662883E8
859,Trippie Redd ,Taking A Walk,170,1.0,6,0,1243239,6.1035074E7
402,DJ Snake ,Taki Taki,238,27.0,4,0,1308756,1.26096694E8
436,Post Malone ,Take What You Want,229,24.0,2,(x5),2796808,1.17464544E8
308,Hozier ,Take Me To Church,644,147.0,1,(x58),669026,1.52777306E8
283,Migos ,TShirt,393,23.0,6,0,1068559,1.62318539E8
562,DaBaby ,TOES,238,1.0,8,0,1050000,9.4674586E7
320,THE SCOTTS ,THE SCOTTS,237,70.0,1,(x13),3345119,1.47793519E8
290,Lil Nas X ,THATS WHAT I WANT,358,23.0,2,(x1),1896424,1.60369392E8
121,A Boogie Wit da Hoodie ,Swervin,564,37.0,6,0,1154453,2.58648283E8
953,Megan Thee Stallion ,Sweetest Pie,169,6.0,2,(x1),936045,5.5276845E7
475,Ava Max ,Sweet but Psycho,320,0.0,30,0,590175,1.09220489E8
35,The Neighbourhood ,Sweater Weather,1050,0.0,12,0,671844,4.00804036E8
345,Rae Sremmurd ,Swang,393,0.0,21,0,680384,1.41632137E8
700,Jason Derulo ,Swalla,209,0.0,32,0,574089,7.5063678E7
675,Jessica Darrow ,Surface Pressure,136,60.0,3,(x1),1003606,7.8691499E7
263,Kodak Black ,Super Gremlin,346,117.0,2,(x9),1054999,1.71909115E8
554,Nicki Minaj ,Super Freaky Girl,137,66.0,2,(x12),1573025,9.6391022E7
616,BENEE ,Supalonely,176,0.0,18,0,690878,8.6449441E7
527,Nicky Youre ,Sunroof,238,0.0,19,0,642413,1.00753638E8
1,Post Malone ,Sunflower  SpiderMan: Into the SpiderVerse,1506,302.0,1,(x29),2118242,8.83369738E8
244,Surfaces ,Sunday Best,412,0.0,13,0,751886,1.76430872E8
831,Drake ,Summer Sixteen,225,5.0,9,0,623803,6.3425374E7
668,Lil Baby ,Sum 2 Prove,225,0.0,16,0,851468,7.9172412E7
768,YNW Melly ,Suicidal (Remix),197,0.0,21,0,882055,6.8953277E7
462,YNW Melly ,Suicidal,216,19.0,6,0,1113095,1.11505967E8
105,DaBaby ,Suge,516,51.0,3,(x4),1224726,2.70915921E8
762,Robin Schulz ,Sugar,304,0.0,27,0,366223,6.9518913E7
502,Maroon 5 ,Sugar,478,67.0,1,(x5),667233,1.0486446E8
456,Lil Wayne ,Sucker For Pain,344,0.0,12,0,704290,1.13258771E8
197,Jonas Brothers ,Sucker,414,30.0,1,(x11),3105964,1.9969518E8
685,Ariana Grande ,Stuck with U,196,10.0,1,(x2),2365819,7.7527054E7
560,Lil Mosey ,Stuck In A Dream,241,6.0,6,0,953948,9.547591E7
376,Liam Payne ,Strip That Down,311,0.0,11,0,770674,1.33182143E8
180,Twenty One Pilots ,Stressed Out,706,90.0,3,(x2),835612,2.07439306E8
206,Doja Cat ,Streets,477,57.0,3,(x12),1024708,1.95884808E8
325,Shawn Mendes ,Stitches,535,82.0,5,0,668552,1.46222899E8
247,Migos ,Stir Fry,336,60.0,2,(x12),1499177,1.75630677E8
692,Drake ,Still Here,279,0.0,15,0,642304,7.6042372E7
896,Noah Kahan ,Stick Season,168,0.0,33,0,484740,5.8383443E7
483,Sam Smith ,Stay With Me,548,127.0,1,(x2),442402,1.08129184E8
730,Kygo ,Stay,252,0.0,19,0,432401,7.213925E7
653,Post Malone ,Stay,179,15.0,4,0,2703178,8.0957121E7
288,Zedd ,Stay,317,4.0,9,0,977390,1.61032066E8
30,The Kid LAROI ,Stay,531,271.0,1,(x45),2345292,4.26712325E8
939,Steve Lacy ,Static,131,0.0,22,0,593606,5.6250712E7
297,Hailee Steinfeld ,Starving,423,36.0,9,0,765280,1.58320524E8
747,A Boogie Wit da Hoodie ,Startender,154,0.0,15,0,838288,7.047218E7
958,Roddy Ricch ,Start Wit Me,148,0.0,41,0,571755,5.501838E7
761,The Weeknd ,Stargirl Interlude,209,0.0,22,0,612149,6.9531121E7
47,The Weeknd ,Starboy,785,141.0,1,(x29),2070596,3.68997138E8
508,Lil Peep ,Star Shopping,416,0.0,88,0,316621,1.02969266E8
783,Post Malone ,Spoil My Night,120,14.0,3,(x1),3318588,6.7636137E7
672,Rich The Kid ,Splashin,183,0.0,21,0,674282,7.9057026E7
235,Dan + Shay ,Speechless,662,0.0,67,0,373102,1.79301739E8
312,Beach House ,Space Song,549,0.0,55,0,434347,1.51348745E8
520,Metro Boomin ,Space Cadet,266,0.0,15,0,937419,1.01688152E8
868,Bryson Tiller ,Sorry Not Sorry,359,0.0,46,0,286638,6.0434896E7
241,Demi Lovato ,Sorry Not Sorry,379,35.0,6,0,1009557,1.77157747E8
165,Justin Bieber ,Sorry,466,131.0,1,(x53),1783498,2.22779216E8
323,Zach Bryan ,Something in the Orange,251,20.0,4,0,992100,1.46934063E8
299,The Chainsmokers ,Something Just Like This,364,29.0,2,(x2),1478265,1.56839599E8
31,Lewis Capaldi ,Someone You Loved,952,40.0,5,0,1118953,4.1072537E8
800,Morgan Wallen ,Somebody’s Problem,170,13.0,2,(x1),1344731,6.5697045E7
945,Young Stoner Life ,Solid,131,6.0,3,(x1),1643152,5.5875922E7
785,Clairo ,Sofia,215,0.0,25,0,501578,6.7460841E7
794,Taylor Swift ,Snow On The Beach,66,14.0,3,(x1),6719156,6.6545287E7
741,Drake ,Sneakin’,165,11.0,4,0,976423,7.1004017E7
647,Bruno Mars ,Smokin Out The Window,167,25.0,1,(x3),1963589,8.2228168E7
635,Juice WRLD ,Smile,196,21.0,2,(x4),1962238,8.4269938E7
880,Nirvana ,Smells Like Teen Spirit  Remastered,247,0.0,116,0,281143,5.9317872E7
905,Trey Songz ,Slow Motion,367,0.0,16,0,366481,5.8002051E7
499,Niall Horan ,Slow Hands,271,0.0,24,0,614747,1.05220848E8
200,Migos ,Slippery,477,0.0,17,0,701264,1.97966789E8
318,Calvin Harris ,Slide,281,15.0,8,0,967282,1.48615807E8
505,The Ronettes ,Sleigh Ride,188,1.0,10,0,2784468,1.04353068E8
441,Miguel ,Sky Walker,302,0.0,19,0,702194,1.16395947E8
455,Playboi Carti ,Sky,361,0.0,25,0,583880,1.13291304E8
216,Marshmello ,Silence,468,16.0,7,0,958742,1.89144242E8
990,Drake ,Signs,122,7.0,7,0,1048149,5.2311258E7
941,Harry Styles ,Sign of the Times,141,0.0,17,0,918584,5.6208852E7
374,Ariana Grande ,Side To Side,332,75.0,5,0,875628,1.34449731E8
531,WALK THE MOON ,Shut Up and Dance,480,49.0,5,0,499657,1.00209488E8
814,NLE Choppa ,Shotta Flow (Feat. Blueface) [Remix],154,0.0,18,0,611587,6.4529726E7
931,NLE Choppa ,Shotta Flow,172,0.0,43,0,485102,5.6536653E7
416,Playboi Carti ,Shoota,420,0.0,23,0,826235,1.22469617E8
258,Ed Sheeran ,Shivers,399,6.0,6,0,980767,1.73225595E8
983,SZA ,Shirt,62,6.0,8,0,1930964,5.3203148E7
972,J. Cole ,She Knows,218,0.0,69,0,323664,5.4059288E7
842,Cole Swindell ,She Had Me At Heads Carolina,179,0.0,33,0,476894,6.2230449E7
53,Ed Sheeran ,Shape of You,618,96.0,1,(x48),2156546,3.48283656E8
271,Lady Gaga ,Shallow,403,7.0,6,0,1310071,1.6788384E8
144,Shawn Mendes ,Señorita,400,77.0,1,(x26),1948638,2.36868842E8
623,Adele ,Send My Love (To Your New Lover),267,0.0,13,0,621087,8.5569483E7
793,Future ,Selfish,159,0.0,21,0,689625,6.6567231E7
759,PnB Rock ,Selfish,307,1.0,4,0,974217,6.9647971E7
429,Wiz Khalifa ,See You Again,452,85.0,1,(x26),995751,1.1913165E8
269,"Tyler The Creator ",See You Again,565,0.0,24,0,499844,1.68256802E8
601,Alessia Cara ,Scars To Your Beautiful,264,0.0,24,0,524903,8.8330659E7
895,Martin Garrix ,Scared to Be Lonely,153,0.0,17,0,617137,5.8399197E7
65,James Arthur ,Say You Won't Let Go,1083,0.0,14,0,664830,3.15132103E8
273,Doja Cat ,Say So,308,51.0,2,(x1),1262821,1.65898476E8
986,Tory Lanez ,Say It,283,0.0,33,0,321101,5.2744672E7
645,Flume ,Say It,269,0.0,22,0,510552,8.2337429E7
756,Khalid ,Saved,352,0.0,107,0,256160,6.9815909E7
373,The Weeknd ,Save Your Tears,327,8.0,2,(x1),1723905,1.34482363E8
135,The Weeknd ,Save Your Tears,692,49.0,2,(x4),1465508,2.4205567E8
526,Megan Thee Stallion ,Savage Remix,196,30.0,2,(x1),1772566,1.0076169E8
548,Jawsh 685 ,Savage Love (Laxed  Sired Beat),204,8.0,7,0,842470,9.7044129E7
792,Megan Thee Stallion ,Savage,147,22.0,8,0,876040,6.6785378E7
690,Lil Uzi Vert ,Sauce It Up,238,1.0,6,0,1051878,7.6926735E7
304,Khalid ,Saturday Nights,391,0.0,13,0,965483,1.54969059E8
226,Ariana Grande ,Santa Tell Me,348,26.0,5,0,2847060,1.82490361E8
843,The Jackson 5 ,Santa Claus Is Coming To Town,132,0.0,16,0,1761495,6.2212319E7
701,Eartha Kitt ,Santa Baby,189,0.0,22,0,1712483,7.5057398E7
292,Lil Uzi Vert ,Sanguine Paradise,382,30.0,6,0,1205774,1.60244733E8
379,Morgan Wallen ,Sand In My Boots,460,2.0,4,0,1020974,1.32664367E8
721,Selena Gomez ,Same Old Love,226,15.0,9,0,538465,7.3255863E7
726,Post Malone ,SaintTropez,111,25.0,2,(x4),3330184,7.2506541E7
1000,Bad Bunny ,Safaera,151,0.0,30,0,769149,5.161277E7
625,BROCKHAMPTON ,SUGAR,224,0.0,21,0,768037,8.5393131E7
448,Travis Scott ,STARGAZING,225,21.0,1,(x1),4244308,1.14669162E8
903,The Kid LAROI ,SO DONE,158,0.0,12,0,710839,5.8029449E7
27,Joji ,SLOW DANCING IN THE DARK,1496,0.0,26,0,661274,4.37333177E8
13,Travis Scott ,SICKO MODE,1046,190.0,1,(x19),4129691,5.86638599E8
9,XXXTENTACION ,SAD!,1217,133.0,1,(x6),4437612,6.19879245E8
282,Kate Bush ,Running Up That Hill (A Deal With God),182,98.0,1,(x30),2430143,1.63034803E8
677,21 Savage ,Runnin,203,10.0,1,(x1),2166325,7.8639389E7
549,Chuck Berry ,Run Rudolph Run  Single Version,228,0.0,13,0,2106577,9.6924483E7
663,YBN Nahmir ,Rubbin Off The Paint,263,0.0,47,0,480042,7.9621979E7
192,SAINt JHN ,Roses  Imanbek Remix,431,47.0,5,0,1009144,2.01135462E8
236,The Chainsmokers ,Roses,520,94.0,5,0,772979,1.78699372E8
458,d4vd ,Romantic Homicide,149,48.0,2,(x1),1061087,1.12839982E8
864,Calvin Harris ,Rollin,138,0.0,14,0,805408,6.0647021E7
212,Kodak Black ,Roll In Peace,518,0.0,21,0,985417,1.92647458E8
662,Ayo & Teo ,Rolex,271,0.0,31,0,530153,8.0064354E7
997,Lil Nas X ,Rodeo,104,10.0,7,0,1196792,5.1788566E7
97,Brenda Lee ,Rockin' Around The Christmas Tree,340,113.0,1,(x30),5771662,2.76529912E8
732,Clean Bandit ,Rockabye,242,0.0,26,0,491930,7.1984836E7
617,Bailey Zimmerman ,Rock and A Hard Place,201,0.0,22,0,651464,8.6200828E7
25,Juice WRLD ,Robbery,1086,38.0,2,(x2),1724447,4.43773199E8
901,Eminem ,River,121,7.0,2,(x4),1167659,5.8089002E7
401,Vance Joy ,Riptide,753,0.0,12,0,273070,1.26349492E8
319,Juice WRLD ,Righteous,333,24.0,2,(x6),2690579,1.48152203E8
178,Twenty One Pilots ,Ride,708,65.0,4,0,824424,2.07848346E8
542,Drake ,Rich Flex,55,43.0,1,(x28),5389787,9.7928728E7
735,Post Malone ,Rich & Sad,144,11.0,5,0,3071762,7.166334E7
29,Offset ,Ric Flair Drip (& Metro Boomin),1065,86.0,4,0,1040394,4.27614856E8
421,XXXTENTACION ,Revenge,412,0.0,16,0,1119765,1.20698497E8
878,The Weeknd ,Reminder,245,7.0,9,0,895385,5.9620662E7
596,Young Thug ,Relationship,327,0.0,53,0,426423,8.9108978E7
48,Childish Gambino ,Redbone,1075,42.0,8,0,950460,3.63834232E8
428,Lil Skies ,Red Roses,365,0.0,36,0,532229,1.19331204E8
655,Kevin Gates ,Really Really,381,0.0,35,0,395758,8.0866635E7
866,Clean Bandit ,Rather Be,393,0.0,11,0,290140,6.0562179E7
760,Lil Tecca ,Ransom,188,0.0,18,0,805754,6.9645813E7
82,Lil Tecca ,Ransom,465,110.0,1,(x26),1833927,2.92578295E8
490,Yo Gotti ,Rake It Up,284,0.0,17,0,715011,1.07156568E8
558,Lady Gaga ,Rain On Me,209,21.0,1,(x1),2234783,9.5611004E7
66,Arizona Zervas ,ROXANNE,536,123.0,1,(x23),1676128,3.14843202E8
45,DaBaby ,ROCKSTAR,549,164.0,1,(x65),1975668,3.73388283E8
963,Aminé ,REEL IT IN,160,0.0,37,0,554869,5.4739294E7
76,Polo G ,RAPSTAR,519,84.0,1,(x22),2691084,2.99470033E8
999,Taylor Swift ,Question...?,49,7.0,8,0,5519609,5.1647553E7
535,Ritt Momney ,Put Your Records On,277,0.0,13,0,713447,9.9070218E7
473,Kid Cudi ,Pursuit Of Happiness (Nightmare),413,0.0,47,0,391076,1.09480124E8
234,Mustard ,Pure Water,396,0.0,11,0,905428,1.80042907E8
639,Lil Baby ,Pure Cocaine,247,0.0,21,0,846291,8.3580799E7
38,Post Malone ,Psycho,607,107.0,1,(x1),3261937,3.96525691E8
678,Kesha ,Praying,236,0.0,15,0,711322,7.8594034E7
595,The Weeknd ,Pray For Me,148,35.0,3,(x4),1522363,8.9699614E7
467,A$AP Rocky ,Praise The Lord (Da Shine),281,3.0,5,0,1339872,1.10819424E8
680,Kanye West ,Praise God,213,5.0,6,0,2438681,7.8568531E7
420,Rae Sremmurd ,Powerglide,263,0.0,15,0,940053,1.20839941E8
824,Omarion ,Post to Be,341,0.0,16,0,384620,6.4187302E7
332,Drake ,Portland,331,26.0,2,(x5),2385233,1.44664417E8
528,Drake ,Pop Style,280,22.0,3,(x10),1144421,1.00358319E8
125,Polo G ,Pop Out,647,25.0,8,0,1046233,2.51658876E8
198,Rich The Kid ,Plug Walk,417,29.0,6,0,1341514,1.98858962E8
894,Cardi B ,Please Me,131,1.0,10,0,1339719,5.8439781E7
875,Joel Adams ,Please Don't Go,182,0.0,29,0,463865,5.9849309E7
687,KYLE ,Playinwitme,186,0.0,21,0,753908,7.6991101E7
253,A$AP Ferg ,Plain Jane,408,22.0,6,0,929255,1.74255086E8
466,Ed Sheeran ,Photograph,679,0.0,16,0,349617,1.11120972E8
231,Ed Sheeran ,Perfect,488,0.0,11,0,931316,1.80975541E8
397,Farruko ,Pepas,337,0.0,16,0,696956,1.2748386E8
187,Justin Bieber ,Peaches,312,58.0,1,(x10),2181089,2.03494777E8
127,Drake ,Passionfruit,622,51.0,1,(x13),2811262,2.49576463E8
589,The Weeknd ,Party Monster,221,24.0,2,(x1),1495895,9.0931727E7
405,StaySolidRocky ,Party Girl,239,53.0,2,(x21),1169465,1.25662367E8
541,Bad Bunny ,Party,192,6.0,7,0,1576377,9.7935403E7
427,The Chainsmokers ,Paris,224,45.0,3,(x1),1275674,1.19358756E8
679,Post Malone ,Paranoid,137,25.0,1,(x1),3694438,7.8582762E7
580,Bazzi ,Paradise,251,0.0,18,0,735900,9.2269595E7
264,Lil Nas X ,Panini,249,67.0,1,(x2),2147076,1.71512571E8
143,Desiigner ,Panda,518,109.0,1,(x6),1652864,2.37739871E8
565,Future ,PUFFIN ON ZOOTIEZ,225,7.0,4,0,1417345,9.4325787E7
550,G Herbo ,PTSD,317,0.0,29,0,630282,9.6878801E7
599,KAROL G ,PROVENZA,210,0.0,11,0,708235,8.8539867E7
634,6LACK ,PRBLMS,389,0.0,93,0,268283,8.4279473E7
370,DJ Khaled ,POPSTAR,317,26.0,1,(x2),2013630,1.35192435E8
383,ZAYN ,PILLOWTALK,297,84.0,1,(x10),1277421,1.31983424E8
254,Famous Dex ,PICK IT UP,421,0.0,13,0,800864,1.73990426E8
694,Lil Uzi Vert ,P2,148,14.0,2,(x3),1922227,7.5685447E7
998,YoungBoy Never Broke Again ,Outside Today,189,0.0,74,0,427688,5.1700652E7
835,The Lumineers ,Ophelia,370,0.0,43,0,344295,6.3226678E7
802,Nicki Minaj ,Only,404,48.0,5,0,410679,6.5470534E7
581,Marshmello ,One Thing Right,238,0.0,14,0,884052,9.1972872E7
492,Post Malone ,One Right Now,261,7.0,1,(x2),1830368,1.06856619E8
820,Lil Yachty ,One Night,298,0.0,39,0,387261,6.4228675E7
799,Old Dominion ,One Man Band,248,0.0,63,0,380219,6.6055536E7
621,Calvin Harris ,One Kiss,176,0.0,17,0,816807,8.5666961E7
23,Drake ,One Dance,772,187.0,1,(x103),2767175,4.54267392E8
728,Timeflies ,Once In a While,242,0.0,35,0,431255,7.2312385E7
797,Ellie Goulding ,On My Mind,204,18.0,8,0,564148,6.6115839E7
725,Lil Baby ,On Me,200,0.0,26,0,494284,7.2577214E7
157,Lil Nas X ,Old Town Road  Remix,317,95.0,1,(x30),3113535,2.29868299E8
382,Lil Nas X ,Old Town Road,175,50.0,1,(x2),2450954,1.32031403E8
439,Bad Bunny ,Ojitos Lindos,226,1.0,10,0,1230515,1.1706488E8
556,The Weeknd ,Often,585,5.0,7,0,510308,9.5876024E7
511,JACKBOYS ,OUT WEST,262,4.0,2,(x1),1618620,1.02677098E8
453,Khalid ,OTW,294,0.0,17,0,915514,1.13437143E8
743,Baby Keem ,ORANGE SODA,240,0.0,52,0,470236,7.0880266E7
719,Young M.A ,OOOUUU,218,0.0,14,0,594385,7.3663117E7
888,Ski Mask The Slump God ,Nuketown,147,0.0,13,0,990451,5.8800265E7
330,Lil Skies ,Nowadays,441,0.0,24,0,626292,1.44878462E8
512,Halsey ,Now Or Never,254,0.0,12,0,798523,1.02516119E8
716,The Rare Occasions ,Notion,240,0.0,33,0,468246,7.3881354E7
229,Lil Mosey ,Noticed,531,0.0,17,0,836165,1.81647697E8
88,Drake ,Nonstop,478,69.0,1,(x7),5749019,2.86786239E8
695,Rae Sremmurd ,No Type,522,0.0,11,0,330170,7.5658607E7
619,French Montana ,No Stylist,201,0.0,14,0,937243,8.5747254E7
4,J. Cole ,No Role Modelz,2547,6.0,7,0,659366,7.34857487E8
827,Cheat Codes ,No Promises,230,0.0,50,0,478508,6.3729152E7
233,Chance the Rapper ,No Problem,568,0.0,13,0,695093,1.80053419E8
569,Don Toliver ,No Idea,246,0.0,17,0,723629,9.3790452E7
468,21 Savage ,No Heart,382,0.0,18,0,559060,1.10613158E8
126,Chris Brown ,No Guidance,550,53.0,3,(x1),1259463,2.50362082E8
749,Kodak Black ,No Flockin,366,0.0,64,0,250355,7.0434887E7
729,DJ Khaled ,No Brainer,118,18.0,3,(x1),1510233,7.2279841E7
850,Kehlani ,Nights Like This,156,0.0,19,0,787196,6.1626885E7
68,Drake ,Nice For What,467,93.0,1,(x32),3183067,3.13324663E8
257,Dua Lipa ,New Rules,399,0.0,11,0,783946,1.73328947E8
711,Lil Uzi Vert ,New Patek,161,10.0,1,(x1),1812305,7.4465767E7
498,Rich The Kid ,New Freezer,310,0.0,25,0,595266,1.05262051E8
914,Dennis Lloyd ,Nevermind,177,0.0,31,0,618929,5.7848143E7
667,Bad Bunny ,Neverita,213,0.0,13,0,1399198,7.9303751E7
957,Katy Perry ,Never Really Over,126,1.0,10,0,1027556,5.5067804E7
521,Zara Larsson ,Never Forget You,280,1.0,9,0,659192,1.01316722E8
487,Camila Cabello ,Never Be the Same,236,8.0,5,0,1048100,1.07372683E8
412,Flume ,Never Be Like You,357,0.0,14,0,604526,1.23343026E8
681,J. Cole ,Neighbors,294,8.0,3,(x2),1898670,7.7926846E7
151,Rihanna ,Needed Me,494,154.0,2,(x3),1018495,2.33794067E8
107,Doja Cat ,Need To Know,460,72.0,3,(x3),1245936,2.68475081E8
658,Imagine Dragons ,Natural,216,0.0,21,0,690130,8.0538052E7
579,Migos ,Narcos,228,14.0,2,(x2),1634923,9.2278196E7
987,Jack Harlow ,Nail Tech,110,23.0,2,(x2),1135997,5.2488297E7
587,"Tyler The Creator ",NEW MAGIC WAND,305,1.0,5,0,1537094,9.1144161E7
979,Ariana Grande ,NASA,102,9.0,3,(x5),2947263,5.3660003E7
764,Kendrick Lamar ,N95,137,7.0,1,(x6),4972590,6.9261483E7
950,NAV ,Myself,265,0.0,90,0,278370,5.5379514E7
650,Lil Uzi Vert ,Myron,195,7.0,1,(x1),2271346,8.1140683E7
774,Fetty Wap ,My Way,293,8.0,10,0,449305,6.8534872E7
975,Coldplay ,My Universe,165,1.0,8,0,946374,5.3947652E7
959,Saweetie ,My Type,175,0.0,43,0,465578,5.5014809E7
626,Camila Cabello ,My Oh My,171,1.0,10,0,905694,8.5344666E7
367,Flo Rida ,My House,411,64.0,4,0,787490,1.35782448E8
912,Harry Styles ,Music For a Sushi Restaurant,114,14.0,3,(x3),3399921,5.7916775E7
74,YNW Melly ,Murder On My Mind,771,43.0,4,0,1483131,3.0530606E8
860,21 Savage ,Mr. Right Now,147,15.0,2,(x1),2026968,6.1032599E7
153,The Killers ,Mr. Brightside,877,0.0,35,0,407790,2.32977345E8
670,Big Sean ,Moves,243,5.0,8,0,887512,7.911032E7
354,Migos ,MotorSport,311,11.0,6,0,1088075,1.3846764E8
980,Post Malone ,Motley Crew,115,13.0,3,(x3),1695072,5.3597602E7
924,Hailee Steinfeld ,Most Girls,209,0.0,51,0,478067,5.6922479E7
391,Bad Bunny ,Moscow Mule,219,11.0,1,(x1),2582359,1.28972121E8
214,Morgan Wallen ,More Than My Hometown,697,0.0,18,0,698510,1.91448082E8
971,DDG ,Moonwalking in Calabasas,177,0.0,36,0,495420,5.4093363E7
28,XXXTENTACION ,Moonlight,923,57.0,2,(x2),3167290,4.31568186E8
426,Pop Smoke ,Mood Swings,306,6.0,9,0,846397,1.19371547E8
67,24kGoldn ,Mood,547,165.0,1,(x2),1633022,3.1450448E8
849,Yeat ,Monëy so big,180,0.0,25,0,464173,6.1764389E7
188,Kendrick Lamar ,Money Trees,726,0.0,38,0,481011,2.03375167E8
295,Lil Uzi Vert ,Money Longer,648,0.0,33,0,440383,1.59142673E8
108,Drake ,Money In The Grave (Drake ft. Rick Ross),467,79.0,1,(x6),2024475,2.65919957E8
392,Cardi B ,Money,273,1.0,9,0,1148815,1.28812752E8
937,Lil Wayne ,Mona Lisa,85,14.0,1,(x7),4444027,5.6354529E7
740,Drake ,Mob Ties,133,8.0,5,0,3859100,7.1016033E7
83,Sheck Wes ,Mo Bamba,421,115.0,1,(x7),1709407,2.89673118E8
509,YNW Melly ,Mixed Personalities,225,0.0,12,0,894571,1.02953208E8
398,Justin Bieber ,Mistletoe,295,0.0,13,0,1898014,1.2718855E8
380,Trippie Redd ,Miss The Rage,349,8.0,3,(x6),1699784,1.32399703E8
163,Bazzi ,Mine,510,51.0,3,(x4),1336329,2.23577524E8
664,Taylor Swift ,Midnight Rain,68,30.0,3,(x14),5987889,7.9514355E7
452,DJ Snake ,Middle,353,0.0,14,0,634100,1.13465863E8
474,J Balvin ,Mi Gente,238,28.0,7,0,867663,1.09423268E8
640,Shawn Mendes ,Mercy,259,0.0,23,0,512743,8.3334888E7
293,Maroon 5 ,Memories,372,17.0,6,0,1118361,1.59686092E8
399,THE ANXIETY ,Meet Me At Our Spot,281,21.0,8,0,852099,1.26861687E8
61,Bebe Rexha ,Meant to Be,801,0.0,15,0,787868,3.18478528E8
624,Childish Gambino ,Me and Your Mama,271,0.0,14,0,692793,8.5544703E7
169,Bad Bunny ,Me Porto Bonito,237,154.0,2,(x27),1947674,2.17545422E8
867,Harry Styles ,Matilda,142,14.0,3,(x4),2881699,6.0459436E7
103,Future ,Mask Off,441,107.0,2,(x29),1768762,2.7194441E8
136,Polo G ,Martin & Gina,702,0.0,21,0,553876,2.41128929E8
852,Thomas Rhett ,Marry Me,212,0.0,52,0,446281,6.1358111E7
727,Taylor Swift ,Maroon,67,26.0,3,(x1),6847851,7.2491704E7
538,Conan Gray ,Maniac,382,0.0,66,0,400847,9.8117699E7
915,Miley Cyrus ,Malibu,144,9.0,7,0,1192630,5.7775138E7
633,YoungBoy Never Broke Again ,Make No Sense,228,0.0,25,0,613453,8.439798E7
311,Playboi Carti ,Magnolia,365,1.0,10,0,868222,1.51502606E8
923,Social House ,Magic In The Hamptons,220,0.0,76,0,382674,5.7010632E7
86,Lil Nas X ,MONTERO (Call Me By Your Name),410,123.0,1,(x11),2378862,2.88187067E8
874,Elley Duhé ,MIDDLE OF THE NIGHT,180,0.0,32,0,436972,5.9878312E7
20,J. Cole ,MIDDLE CHILD,1119,106.0,1,(x16),3800251,4.81985952E8
337,Bad Bunny ,MIA,287,22.0,2,(x5),2409584,1.43656931E8
917,Taylor Swift ,ME!,158,0.0,19,0,1104555,5.7391669E7
684,Becky G ,MAMIII,216,1.0,9,0,678178,7.7685438E7
444,Lil Skies ,Lust,426,0.0,75,0,379237,1.15693481E8
607,Zara Larsson ,Lush Life,322,0.0,24,0,421892,8.7351222E7
494,Eminem ,Lucky You,207,28.0,1,(x9),2638639,1.06685258E8
2,Juice WRLD ,Lucid Dreams,1673,178.0,1,(x20),2127668,8.64832399E8
190,Future ,Low Life,604,0.0,11,0,670545,2.02769617E8
786,Taylor Swift ,Lover,129,21.0,1,(x7),2639428,6.7263883E7
199,Justin Bieber ,Love Yourself,458,138.0,1,(x24),1333001,1.98773307E8
661,Chief Keef ,Love Sosa,318,0.0,41,0,395268,8.0223782E7
654,Rihanna ,Love On The Brain,335,0.0,35,0,543206,8.0925444E7
942,Hailee Steinfeld ,Love Myself,227,0.0,14,0,424056,5.6086741E7
651,Ellie Goulding ,Love Me Like You Do,347,74.0,1,(x12),676545,8.1076476E7
918,Ariana Grande ,Love Me Harder,278,78.0,2,(x8),391481,5.7285175E7
186,Khalid ,Love Lies,445,14.0,8,0,1088271,2.0407514E8
341,SZA ,Love Galore,426,0.0,23,0,645447,1.42655912E8
500,Frank Ocean ,Lost,303,1.0,10,0,657541,1.05158717E8
387,Russ ,Losin Control,512,0.0,58,0,379457,1.29835284E8
660,Eminem ,Lose Yourself,554,1.0,9,0,652490,8.0284666E7
477,Selena Gomez ,Lose You To Love Me,186,34.0,1,(x5),2659591,1.09150331E8
594,Taylor Swift ,Look What You Made Me Do,163,28.0,1,(x10),3828478,8.9718682E7
248,A Boogie Wit da Hoodie ,Look Back At It,366,22.0,8,0,1146596,1.75483878E8
168,XXXTENTACION ,Look At Me!,668,0.0,20,0,1035184,2.1813017E8
63,BlocBoy JB ,Look Alive,495,98.0,2,(x4),1802950,3.16629241E8
720,Justin Bieber ,Lonely,181,8.0,6,0,964623,7.3289055E7
930,R. City ,Locked Away,220,10.0,8,0,465664,5.6578381E7
34,Khalid ,Location,999,29.0,9,0,958542,4.03645089E8
920,Tainy ,Lo Siento BB:/,199,1.0,9,0,761684,5.7135915E7
854,The Beach Boys ,Little Saint Nick  1991 Remix,142,0.0,16,0,2345032,6.1339064E7
893,Meghan Trainor ,Like I'm Gonna Lose You,297,0.0,17,0,391599,5.8460209E7
603,Harry Styles ,Lights Up,205,17.0,2,(x2),2027630,8.7724368E7
877,Charlie Puth ,Light Switch,180,2.0,6,0,859606,5.971697E7
539,Major Lazer ,Light It Up,322,0.0,16,0,585856,9.8079211E7
988,Juice WRLD ,Life's A Mess,114,14.0,3,(x1),3094307,5.2474709E7
73,Future ,Life Is Good,601,57.0,2,(x33),2873235,3.05783118E8
40,Dua Lipa ,Levitating,738,113.0,3,(x3),1284080,3.87860108E8
222,NF ,Let You Down,480,4.0,9,0,829153,1.8443669E8
296,DJ Snake ,Let Me Love You,300,107.0,3,(x16),1147152,1.58366154E8
338,Hailee Steinfeld ,Let Me Go,357,0.0,17,0,728233,1.43350902E8
911,Alec Benjamin ,Let Me Down Slowly,161,0.0,33,0,594243,5.797076E7
479,Dean Martin ,Let It Snow! Let It Snow! Let It Snow!,187,7.0,7,0,3413764,1.08868445E8
363,Frank Sinatra ,Let It Snow! Let It Snow! Let It Snow!,305,8.0,8,0,2646892,1.36448853E8
766,James Bay ,Let It Go,389,0.0,53,0,289633,6.9021629E7
101,Internet Money ,Lemonade,517,138.0,1,(x11),1437460,2.73391855E8
419,Juice WRLD ,Legends,418,2.0,4,0,1239344,1.21077739E8
710,Drake ,Legend,439,13.0,4,0,546994,7.4560528E7
211,Bruno Mars ,Leave The Door Open,400,52.0,2,(x3),1765144,1.93296752E8
202,Flipp Dinero ,Leave Me Alone,418,12.0,10,0,997477,1.97450612E8
935,Marshmello ,Leave Before You Love Me,170,0.0,43,0,449891,5.6427745E7
174,Juice WRLD ,Lean Wit Me,671,1.0,8,0,992697,2.09772076E8
255,Major Lazer ,Lean On,588,142.0,2,(x7),681007,1.73817845E8
643,Taylor Swift ,Lavender Haze,68,31.0,2,(x14),7644139,8.3226296E7
132,Drake ,Laugh Now Cry Later,449,89.0,2,(x20),2600470,2.46389835E8
334,Harry Styles ,Late Night Talking,219,29.0,2,(x10),3721821,1.44096811E8
207,Wham! ,Last Christmas,315,56.0,4,0,3525042,1.95381527E8
364,Y2K ,Lalala,321,0.0,11,0,820166,1.36394278E8
355,Carolina Gaitán ,La Gaita  We Don't Talk About Bruno,201,104.0,1,(x55),1486869,1.38398595E8
826,Bad Bunny ,La Corriente,172,0.0,14,0,1395658,6.3877667E7
872,Tory Lanez ,LUV,196,0.0,14,0,664467,6.0001746E7
351,Kendrick Lamar ,LOYALTY. FEAT. RIHANNA.,330,14.0,4,0,2725761,1.39730182E8
56,Kendrick Lamar ,LOVE. FEAT. ZACARI.,814,25.0,5,0,2063209,3.29243971E8
816,Bad Bunny ,LA NOCHE DE ANOCHE,208,1.0,5,0,993418,6.4450937E7
413,J Balvin ,LA CANCIÓN,443,0.0,30,0,626782,1.23298668E8
618,Drake ,Know Yourself,419,21.0,5,0,559563,8.5852793E7
98,Drake ,Knife Talk,471,91.0,2,(x3),3908883,2.75693546E8
44,Doja Cat ,Kiss Me More,550,151.0,1,(x11),1846647,3.76965422E8
335,Jay Rock ,King's Dead,292,31.0,7,0,1146306,1.44088666E8
767,Taylor Swift ,Karma,67,21.0,4,0,5182717,6.8987192E7
657,J. Cole ,KOD,160,7.0,1,(x2),4233070,8.0773017E7
948,6ix9ine ,KIKA,123,7.0,2,(x1),1616022,5.552051E7
784,Tay,K  The Race,221,0.0,33,0,564819,6.7561106E7
825,Lil Uzi Vert ,Just Wanna Rock,73,18.0,5,0,1030822,6.4099524E7
148,Drake ,Jumpman,584,134.0,2,(x2),929883,2.3512966E8
368,Noah Cyrus ,July,509,0.0,56,0,438400,1.35753612E8
862,Lizzo ,Juice,195,0.0,57,0,435950,6.0823106E7
561,Eslabon Armado ,Jugaste y Sufrí,278,0.0,22,0,530830,9.5201278E7
876,Nat King Cole ,Joy To The World,157,0.0,28,0,1465869,5.9827161E7
8,XXXTENTACION ,Jocelyn Flores,1673,44.0,2,(x1),3175206,6.24457164E8
147,Bobby Helms ,Jingle Bell Rock,335,98.0,1,(x1),4516839,2.3533522E8
272,Drake ,Jimmy Cooks,195,107.0,1,(x1),3642078,1.66499191E8
613,Tiësto ,Jackie Chan,198,0.0,18,0,880754,8.6521189E7
396,Famous Dex ,JAPAN,299,0.0,11,0,1019372,1.27676006E8
171,Andy Williams ,It's the Most Wonderful Time of the Year,342,72.0,3,(x2),3837208,2.14480695E8
496,Ali Gatie ,It's You,297,0.0,15,0,791346,1.06473404E8
525,Perry Como ,It's Beginning to Look a Lot Like Christmas,206,0.0,13,0,2240797,1.00817505E8
217,Michael Bublé ,It's Beginning to Look a Lot Like Christmas,357,38.0,3,(x1),2978474,1.87463596E8
417,2 Chainz ,It's A Vibe,403,0.0,35,0,543374,1.22067552E8
385,Kygo ,It Ain't Me,272,28.0,3,(x3),1169170,1.30487216E8
281,Julia Michaels ,Issues,414,0.0,11,0,959567,1.63082925E8
449,Ariana Grande ,Into You,305,1.0,10,0,710370,1.1425063E8
249,Justin Bieber ,Intentions,328,42.0,2,(x1),1901883,1.7513518E8
424,Martin Garrix ,In the Name of Love,304,0.0,11,0,720257,1.20205635E8
808,The Weeknd ,In Your Eyes,150,10.0,3,(x4),2005612,6.4759227E7
934,The Weeknd ,In The Night,230,0.0,17,0,448766,5.6444533E7
85,Drake ,In My Feelings,348,83.0,1,(x37),4805299,2.88633458E8
919,Shawn Mendes ,In My Blood,141,2.0,5,0,1242334,5.7174877E7
812,Brett Young ,In Case You Didn't Know,316,0.0,94,0,253291,6.4657606E7
298,JP Saxe ,If The World Was Ending,520,0.0,43,0,444524,1.56928093E8
489,Shawn Mendes ,If I Can't Have You,209,28.0,3,(x1),1474486,1.07192421E8
46,Lil Nas X ,INDUSTRY BABY,472,267.0,1,(x42),2492612,3.73383279E8
606,Dua Lipa ,IDGAF,227,0.0,20,0,686770,8.7357163E7
810,Bazzi ,I.F.L.Y.,202,0.0,26,0,544234,6.4730494E7
158,DJ Khaled ,I'm the One,332,112.0,2,(x29),2427536,2.27464533E8
981,Bebe Rexha ,I'm a Mess,203,0.0,63,0,383316,5.3309228E7
459,Drake ,I'm Upset,170,26.0,4,0,3945109,1.12748287E8
936,Sam Smith ,I'm Not The Only One,167,124.0,2,(x16),488205,5.6402815E7
698,David Guetta ,I'm Good (Blue),124,32.0,8,0,846229,7.5294822E7
829,The Weeknd ,I Was Never There,185,5.0,5,0,2082119,6.3562499E7
230,Mike Posner ,I Took A Pill In Ibiza  Seeb Remix,442,91.0,2,(x1),912432,1.81197216E8
251,The Walters ,I Love You So,431,38.0,7,0,683985,1.74547021E8
485,Kanye West ,I Love It (& Lil Pump),175,32.0,1,(x11),1942212,1.07854141E8
348,Post Malone ,I Like You (A Happier Song),208,96.0,2,(x1),2000190,1.40872042E8
113,Lauv ,I Like Me Better,930,0.0,30,0,571396,2.63177728E8
57,Cardi B ,I Like It,548,98.0,2,(x1),1636133,3.29059657E8
944,Shawn Mendes ,I Know What You Did Last Summer,178,0.0,12,0,500452,5.5906852E7
682,Gabby Barrett ,I Hope,313,0.0,69,0,346938,7.7883408E7
620,SZA ,I Hate U,175,13.0,1,(x6),1615102,8.5718549E7
302,Gucci Mane ,I Get The Bag,335,13.0,7,0,931108,1.56184444E8
339,The Weeknd ,I Feel It Coming,331,21.0,5,0,1157486,1.43319177E8
16,Post Malone ,I Fall Apart,1278,132.0,2,(x14),1275320,5.43144261E8
285,ZAYN ,I Don’t Wanna Live Forever (Fifty Shades Darker),378,72.0,3,(x14),1195770,1.61895465E8
532,Big Sean ,I Don't Fuck With You,532,91.0,2,(x5),422959,9.965916E7
267,Ed Sheeran ,I Don't Care,323,54.0,1,(x7),3107778,1.68839409E8
415,OneRepublic ,I Ain't Worried,206,36.0,6,0,847839,1.22488638E8
815,Coldplay ,Hymn for the Weekend  Seeb Remix,201,0.0,28,0,481775,6.4502923E7
745,Kanye West ,Hurricane,123,16.0,1,(x3),3313993,7.0820755E7
590,Luke Combs ,Hurricane,417,0.0,77,0,288140,9.0807884E7
946,Charlie Puth ,How Long,163,0.0,36,0,552498,5.5860013E7
691,Alessia Cara ,How Far I'll Go,250,0.0,18,0,557999,7.6752001E7
563,Sam Smith ,How Do You Sleep?,181,3.0,10,0,870242,9.4468E7
879,Calvin Harris ,How Deep Is Your Love,271,0.0,19,0,396175,5.9463594E7
159,Drake ,Hotline Bling,555,150.0,1,(x28),1506243,2.26915487E8
724,Chance the Rapper ,Hot Shower,193,3.0,6,0,1145939,7.2612798E7
845,Young Thug ,Hot (Remix),129,3.0,6,0,919980,6.2164819E7
557,Young Thug ,Hot,191,17.0,8,0,951762,9.5787556E7
515,XXXTENTACION ,Hope,327,1.0,10,0,1443350,1.02329254E8
853,Logic ,Homicide,120,14.0,1,(x7),2720770,6.1353496E7
461,Justin Bieber ,Holy,248,35.0,1,(x1),2020462,1.12093148E8
947,Post Malone ,Hollywood's Bleeding,102,14.0,4,0,3027413,5.5584164E7
437,Michael Bublé ,Holly Jolly Christmas,266,0.0,13,0,2443625,1.17362413E8
798,Justin Bieber ,Hold On,145,9.0,3,(x3),1387228,6.6083944E7
191,Panic! At The Disco ,High Hopes,535,0.0,12,0,862030,2.01888489E8
266,Roddy Ricch ,High Fashion,354,27.0,4,0,1118927,1.69149991E8
666,Daya ,Hide Away,305,0.0,14,0,490562,7.937511E7
848,Marshmello ,Here With Me,158,0.0,15,0,802016,6.1927E7
593,Alessia Cara ,Here,323,24.0,8,0,574058,8.9798695E7
669,Pop Smoke ,Hello,257,0.0,29,0,499091,7.9167125E7
278,Adele ,Hello,404,89.0,1,(x19),2758752,1.63937424E8
559,Kane Brown ,Heaven,351,0.0,51,0,463042,9.5521001E7
166,Conan Gray ,Heather,647,13.0,8,0,888848,2.22474626E8
205,Twenty One Pilots ,Heathens,410,100.0,3,(x34),1168637,1.95918435E8
17,Glass Animals ,Heat Waves,763,248.0,1,(x34),1230046,5.40754791E8
445,The Weeknd ,Heartless,232,21.0,1,(x8),2634575,1.15431955E8
404,Diplo ,Heartless,444,0.0,53,0,436704,1.25811158E8
360,Kanye West ,Heartless,439,0.0,38,0,463393,1.37403023E8
902,Rod Wave ,Heart On Ice,211,0.0,48,0,424562,5.807605E7
891,Lil Tjay ,Headshot,147,0.0,17,0,744087,5.860924E7
130,Camila Cabello ,Havana,484,99.0,2,(x6),1184798,2.47086289E8
553,Juice WRLD ,Hate The Other Side,247,14.0,4,0,2855162,9.6515557E7
446,Ellie Goulding ,Hate Me,370,0.0,13,0,917238,1.15056947E8
181,Billie Eilish ,Happier Than Ever,459,30.0,3,(x12),1688659,2.07031225E8
64,Marshmello ,Happier,650,28.0,5,0,1201728,3.16018345E8
648,Selena Gomez ,Hands To Myself,260,32.0,6,0,669841,8.2204948E7
11,Kendrick Lamar ,HUMBLE.,1175,152.0,1,(x67),4060034,6.06305588E8
962,Quavo ,HOTEL LOBBY (Unc & Phew),164,0.0,41,0,555956,5.4850356E7
969,Baby Keem ,HONEST,151,0.0,30,0,447259,5.410282E7
771,Lil Nas X ,HOLIDAY,164,0.0,11,0,702722,6.8601292E7
81,Travis Scott ,HIGHEST IN THE ROOM,602,69.0,1,(x21),3939490,2.95198938E8
284,Giveon ,HEARTBREAK ANNIVERSARY,371,30.0,8,0,950623,1.62181516E8
806,Florida Georgia Line ,H.O.L.Y.,304,0.0,48,0,349143,6.497081E7
604,Drake ,Gyalchester,215,12.0,3,(x1),1938036,8.7719286E7
294,Lil Pump ,Gucci Gang,242,90.0,2,(x51),1574100,1.59368635E8
823,Halsey ,Graveyard,155,0.0,12,0,1152883,6.4202847E7
925,Pop Smoke ,Got It On Me,144,0.0,14,0,772282,5.6866811E7
697,Travis Scott ,Goosebumps  Remix,217,0.0,32,0,498270,7.546258E7
167,Post Malone ,Goodbyes (Feat. Young Thug),329,91.0,1,(x7),2323437,2.20243023E8
591,Selena Gomez ,Good For You,309,87.0,5,0,583377,8.9918074E7
106,SZA ,Good Days,604,83.0,1,(x3),1387122,2.70125295E8
598,Lizzo ,Good As Hell,204,0.0,19,0,765105,8.8713657E7
921,Harry Styles ,Golden,201,1.0,6,0,1403497,5.7121273E7
359,Kiiara ,Gold,403,0.0,18,0,582552,1.37920503E8
50,Meek Mill ,Going Bad,638,117.0,2,(x10),1719834,3.49994217E8
858,DaBaby ,Goin Baby,214,0.0,59,0,404398,6.1101678E7
138,Eminem ,Godzilla,665,28.0,2,(x5),2573682,2.40271807E8
18,Drake ,God's Plan,634,139.0,1,(x70),4739798,5.34994242E8
422,Ariana Grande ,God is a woman,227,26.0,4,0,1528413,1.20468984E8
819,Polo G ,Go Stupid,171,0.0,22,0,713664,6.4303528E7
644,YG ,Go Loko,182,0.0,14,0,794733,8.2520209E7
250,Post Malone ,Go Flex,673,0.0,19,0,687250,1.74710816E8
423,Chris Brown ,Go Crazy,345,0.0,19,0,611457,1.20431219E8
748,Macklemore ,Glorious,176,0.0,19,0,720249,7.0465882E7
279,Joji ,Glimpse of Us,201,83.0,1,(x16),2474076,1.63315058E8
968,Megan Thee Stallion ,Girls in the Hood,182,0.0,23,0,576312,5.4466651E7
699,Drake ,Girls Want Girls,136,14.0,1,(x2),6146233,7.5092582E7
218,Maroon 5 ,Girls Like You,383,20.0,6,0,1263800,1.86579571E8
898,21 Savage ,Ghostface Killers,142,7.0,2,(x1),1268794,5.8263736E7
277,Justin Bieber ,Ghost,399,4.0,9,0,895735,1.63964781E8
353,Doja Cat ,Get Into It (Yuh),391,0.0,16,0,751498,1.38640495E8
887,Ed Sheeran ,Galway Girl,169,8.0,2,(x1),1192214,5.8839949E7
989,6ix9ine ,GUMMO,174,0.0,48,0,519071,5.2433571E7
964,DJ Khaled ,GREECE,127,2.0,9,0,1081321,5.4717916E7
976,6ix9ine ,GOOBA,112,12.0,3,(x4),1512145,5.3917148E7
435,The Kid LAROI ,GO,350,0.0,12,0,833612,1.17833168E8
712,Flo Rida ,GDFR,338,77.0,4,0,464052,7.4323833E7
839,J. Cole ,G.O.M.D.,548,0.0,20,0,239212,6.2257754E7
738,Lil Uzi Vert ,Futsal Shuffle 2020,86,31.0,1,(x7),2596025,7.146256E7
21,XXXTENTACION ,Fuck Love,1406,9.0,5,0,2438715,4.73417295E8
978,Tee Grizzley ,From The D To The A,267,0.0,93,0,282746,5.3814866E7
929,Lil Baby ,Freestyle,195,0.0,51,0,400272,5.6582499E7
518,Lil Dicky ,Freaky Friday,192,23.0,5,0,1228612,1.01868561E8
240,Surf Curse ,Freaks,556,0.0,29,0,466842,1.78535641E8
885,Rihanna ,FourFiveSeconds,353,24.0,4,0,624581,5.8968144E7
361,Luke Combs ,Forever After All,403,7.0,2,(x5),2346240,1.37048398E8
99,Pop Smoke ,For The Night,512,116.0,2,(x2),1450903,2.74720487E8
857,DJ Khaled ,For Free,183,0.0,15,0,568776,6.1140237E7
927,ERNEST ,Flower Shops,214,0.0,34,0,420148,5.6799282E7
718,Polo G ,Flex,194,0.0,18,0,690330,7.3669856E7
555,Kanye West ,Flashing Lights,338,0.0,48,0,421366,9.6363563E7
665,Tee Grizzley ,First Day Out,336,0.0,67,0,325093,7.944042E7
208,Jack Harlow ,First Class,231,77.0,1,(x11),5962326,1.95314542E8
544,Bruno Mars ,Finesse  Remix; feat. Cardi B,181,34.0,2,(x7),1262874,9.7451275E7
566,Future ,Fine China,213,7.0,2,(x1),1715989,9.4225744E7
394,José Feliciano ,Feliz Navidad,222,11.0,6,0,3233033,1.28148147E8
637,Calvin Harris ,Feels,153,10.0,9,0,892294,8.3941364E7
388,Portugal. The Man ,Feel It Still,331,0.0,13,0,756792,1.29571919E8
365,Ski Mask The Slump God ,Faucet Failure,415,0.0,25,0,671084,1.36293354E8
287,Kanye West ,Father Stretch My Hands Pt. 1,607,12.0,4,0,855048,1.61479699E8
723,Jonas Blue ,Fast Car,218,0.0,24,0,497089,7.2978752E7
476,Walker Hayes ,Fancy Like,303,0.0,20,0,632758,1.09183937E8
627,Kanye West ,Famous,322,11.0,2,(x1),972754,8.5209688E7
442,Lil Peep ,Falling Down  Bonus Track,236,20.0,1,(x6),2158263,1.16066331E8
356,Harry Styles ,Falling,501,3.0,4,0,1454982,1.38072456E8
149,Trevor Daniel ,Falling,455,76.0,4,0,1101319,2.34818302E8
100,Drake ,Fake Love,525,121.0,1,(x15),1527349,2.74318587E8
378,Drake ,Fair Trade,301,33.0,2,(x2),5616734,1.32758753E8
970,Alan Walker ,Faded,245,0.0,38,0,326390,5.4100218E7
514,Marshmello ,FRIENDS,234,0.0,15,0,789940,1.02354557E8
183,6ix9ine ,FEFE,271,66.0,2,(x20),2188635,2.06222122E8
369,Lil Tjay ,F.N,442,0.0,23,0,703283,1.35359031E8
656,Future ,F*ck Up Some Commas,549,0.0,42,0,220868,8.081283E7
204,Bryson Tiller ,Exchange,837,0.0,22,0,452260,1.96861471E8
991,YFN Lucci ,Everyday We Lit,245,0.0,95,0,253281,5.2259968E7
713,Logic ,Everyday,185,8.0,4,0,1481252,7.4094592E7
840,Tears For Fears ,Everybody Wants To Rule The World,193,0.0,44,0,400855,6.2256647E7
775,Neon Trees ,Everybody Talks,304,0.0,114,0,255596,6.8460789E7
142,XXXTENTACION ,Everybody Dies In Their Nightmares,772,3.0,6,0,2023396,2.38214306E8
908,Logic ,Everybody,212,0.0,17,0,902208,5.7990129E7
910,Lil Uzi Vert ,Erase Your Social,268,0.0,52,0,298133,5.7980501E7
276,Calboy ,Envy Me,440,0.0,22,0,669228,1.6414994E8
578,Drake ,Energy,458,31.0,1,(x1),644639,9.2386459E7
524,Imagine Dragons ,Enemy,231,70.0,5,0,682385,1.00835953E8
463,Post Malone ,Enemies,255,21.0,3,(x3),3198197,1.1133332E8
221,BØRNS ,Electric Love,737,0.0,39,0,460526,1.85017224E8
372,Bad Bunny ,Efecto,236,16.0,9,0,1315548,1.3474383E8
238,G,Eazy  No Limit,373,79.0,2,(x8),1151926,1.78639729E8
722,G,Eazy  I Mean It,551,0.0,58,0,210930,7.3181646E7
611,G,Eazy  Him & I,156,42.0,3,(x2),1038353,8.6593035E7
260,Adele ,Easy On Me,246,73.0,1,(x29),5435431,1.73180228E8
71,benny blanco ,Eastside,672,15.0,7,0,1071306,3.08890413E8
377,The Weeknd ,Earned It (Fifty Shades Of Grey),532,103.0,2,(x2),612611,1.32827332E8
765,DJ Khaled ,EVERY CHANCE I GET,187,0.0,18,0,700416,6.9197219E7
638,Kendrick Lamar ,ELEMENT.,188,15.0,3,(x7),2793051,8.3917996E7
185,"Tyler The Creator ",EARFQUAKE,526,34.0,1,(x7),2210014,2.04484344E8
150,Bad Bunny ,DÁKITI,596,42.0,1,(x6),1499819,2.34636216E8
384,BTS ,Dynamite,332,14.0,3,(x3),1824254,1.31917493E8
817,ZAYN ,Dusk Till Dawn,158,0.0,15,0,764030,6.4438774E7
160,A Boogie Wit da Hoodie ,Drowning,591,0.0,18,0,674840,2.25834058E8
14,Lil Baby ,Drip Too Hard (Lil Baby & Gunna),1453,122.0,1,(x6),1759294,5.83443174E8
145,Fleetwood Mac ,Dreams  2004 Remaster,781,17.0,6,0,1032229,2.36167945E8
795,One Direction ,Drag Me Down,234,27.0,1,(x1),1172195,6.6521288E7
739,Drake ,Don’t Matter To Me,101,21.0,2,(x4),3466023,7.1300622E7
612,Maroon 5 ,Don't Wanna Know,188,31.0,6,0,761274,8.6541563E7
882,Queen ,Don't Stop Me Now  Remastered,242,0.0,60,0,354346,5.9228501E7
577,Journey ,Don't Stop Believin',419,0.0,82,0,315881,9.302047E7
91,Dua Lipa ,Don't Start Now,646,47.0,4,0,1220899,2.84754771E8
614,Kent Jones ,Don't Mind,197,44.0,7,0,880527,8.6485934E7
124,The Chainsmokers ,Don't Let Me Down,568,141.0,4,0,981448,2.51672744E8
996,Ed Sheeran ,Don't,328,0.0,15,0,245898,5.1816937E7
110,Bryson Tiller ,Don't,1008,37.0,7,0,649135,2.6444422E8
552,Band Aid ,Do They Know It's Christmas?  1984 Version,204,2.0,7,0,2071624,9.6606504E7
326,Pop Smoke ,Dior,532,0.0,15,0,793436,1.45804298E8
137,The Weeknd ,Die For You,682,1.0,10,0,820834,2.40869086E8
708,Thomas Rhett ,Die A Happy Man,425,0.0,34,0,293571,7.4721719E7
796,Lil Tecca ,Did It Again,164,0.0,18,0,715007,6.6171892E7
572,Bad Bunny ,Después de la Playa,177,8.0,3,(x2),2158520,9.3328473E7
576,Luis Fonsi ,Despacito (Featuring Daddy Yankee),261,0.0,13,0,786546,9.3020729E7
116,Luis Fonsi ,Despacito  Remix,344,125.0,1,(x47),2129981,2.60702344E8
841,Taylor Swift ,Delicate,198,0.0,20,0,835863,6.2239023E7
751,J. Cole ,Deja Vu,166,17.0,1,(x6),2518901,7.0162237E7
128,Steve Lacy ,Dark Red,513,0.0,11,0,649193,2.49198471E8
642,Ariana Grande ,Dangerous Woman,241,8.0,7,0,700593,8.3265541E7
671,Ruth B. ,Dandelions,290,0.0,66,0,339445,7.9089363E7
352,Sam Smith ,Dancing With A Stranger,328,3.0,10,0,1143794,1.3876063E8
123,Tones And I ,Dance Monkey,539,23.0,6,0,1022885,2.56274759E8
213,The Neighbourhood ,Daddy Issues,705,0.0,50,0,359758,1.92551331E8
588,Gunna ,DOLLAZ ON MY HEAD,230,1.0,10,0,915411,9.1048768E7
134,Kendrick Lamar ,DNA.,451,69.0,2,(x15),3633524,2.42841173E8
993,Megan Thee Stallion ,Cry Baby,158,0.0,32,0,552142,5.1989339E7
933,GoldLink ,Crew,263,0.0,103,0,267875,5.6458549E7
481,Morgan Wallen ,Cover Me Up,437,0.0,23,0,664005,1.08508201E8
909,Post Malone ,Cooped Up,108,7.0,4,0,1692613,5.7988999E7
752,Juice WRLD ,Conversations,132,14.0,1,(x1),3452709,7.0155691E7
224,Drake ,Controlla,400,93.0,4,0,1020036,1.83609837E8
15,Post Malone ,Congratulations,1215,136.0,5,0,1263208,5.46036924E8
954,Daddy Yankee ,Con Calma,175,0.0,43,0,524382,5.5166149E7
522,PARTYNEXTDOOR ,Come and See Me,448,0.0,51,0,312204,1.01074101E8
906,Rae Sremmurd ,Come Get Her,379,0.0,34,0,278853,5.7995873E7
92,Juice WRLD ,Come & Go,644,73.0,1,(x4),3220828,2.80531842E8
289,Major Lazer ,Cold Water,274,99.0,1,(x10),1389715,1.60700352E8
256,Elton John ,Cold Heart  PNAU Remix,408,1.0,9,0,683288,1.73542648E8
584,Kodak Black ,Codeine Dreaming,218,2.0,10,0,867383,9.1629494E7
37,The Chainsmokers ,Closer,696,158.0,1,(x70),2504045,3.97735618E8
630,Ellie Goulding ,Close To Me,242,0.0,30,0,661749,8.4655009E7
994,Lil Baby ,Close Friends (Lil Baby & Gunna),200,0.0,41,0,632381,5.1946627E7
703,Nick Jonas ,Close,182,0.0,13,0,658150,7.5001886E7
12,Post Malone ,Circles,1172,163.0,1,(x38),3441328,5.98521764E8
547,Cage The Elephant ,Cigarette Daydreams,418,0.0,108,0,265431,9.7198449E7
851,Mariah Carey ,Christmas (Baby Please Come Home),152,0.0,31,0,1309666,6.1505577E7
717,Darlene Love ,Christmas (Baby Please Come Home),127,0.0,14,0,2503153,7.3684954E7
306,Rob $tone ,Chill Bill,442,4.0,10,0,686873,1.5405244E8
886,Drake ,Childs Play,239,0.0,22,0,591382,5.8873542E7
586,Drake ,Chicago Freestyle,245,3.0,4,0,1961616,9.1252372E7
686,OMI ,Cheerleader (Felix Jaehn Remix),268,80.0,2,(x15),728553,7.7317485E7
340,Sia ,Cheap Thrills,371,9.0,9,0,822906,1.42986096E8
225,Morgan Wallen ,Chasin' You,687,0.0,47,0,412670,1.83121183E8
568,Sia ,Chandelier,589,72.0,4,0,358733,9.4195494E7
683,Fall Out Boy ,Centuries,497,4.0,9,0,329550,7.7847863E7
615,Ed Sheeran ,Castle on the Hill,236,14.0,2,(x1),1464736,8.648277E7
791,Megan Thee Stallion ,Cash Shit,228,0.0,56,0,395408,6.6804083E7
182,Aminé ,Caroline,537,77.0,6,0,861158,2.06635412E8
734,Mykola Dmytrovych Leontovych ,Carol of the Bells,195,0.0,16,0,1503257,7.1706814E7
551,FRENSHIP ,Capsize,282,0.0,21,0,547036,9.6799483E7
89,Post Malone ,Candy Paint,717,42.0,4,0,1836069,2.86217712E8
210,The Weeknd ,Can't Feel My Face,543,142.0,1,(x52),1053578,1.9440686E8
410,NLE Choppa ,Camelot,297,4.0,7,0,932296,1.23589568E8
837,Kodak Black ,Calling My Spirit,161,0.0,27,0,690871,6.2881019E7
328,Lil Tjay ,Calling My Phone,301,61.0,1,(x8),1860203,1.4563311E8
605,Bad Bunny ,Callaita,255,0.0,37,0,491084,8.7611768E7
220,The Weeknd ,Call Out My Name,471,21.0,1,(x6),3490888,1.8519101E8
628,Starley ,Call On Me  Ryan Riback Extended Remix,227,0.0,21,0,530287,8.5119903E7
432,DNCE ,Cake By The Ocean,420,0.0,14,0,546287,1.18801783E8
753,Beyoncé ,CUFF IT,152,2.0,6,0,1388259,7.0035649E7
438,Jordan Davis ,Buy Dirt,446,0.0,58,0,353342,1.1723964E8
832,BTS ,Butter,121,1.0,10,0,1917442,6.3425107E7
90,DRAM ,Broccoli,646,141.0,3,(x16),1079595,2.85106532E8
480,Lil Durk ,Broadway Girls,291,11.0,4,0,1210147,1.08689365E8
955,Topic ,Breaking Me,176,0.0,46,0,436346,5.5109344E7
673,Dua Lipa ,Break My Heart,190,1.0,7,0,971615,7.8970082E7
610,Dove Cameron ,Boyfriend,236,2.0,10,0,610722,8.6719217E7
433,Kanye West ,Bound 2,361,0.0,20,0,606925,1.18764637E8
543,YBN Nahmir ,Bounce Out With That,316,0.0,27,0,621033,9.788544E7
139,Big Sean ,Bounce Back,531,79.0,3,(x7),1388544,2.39157563E8
707,Gucci Mane ,Both,282,0.0,35,0,473873,7.4752496E7
779,Ella Mai ,Boo'd Up,192,0.0,24,0,737115,6.7988376E7
409,Queen ,Bohemian Rhapsody  Remastered 2011,420,0.0,36,0,537813,1.23761624E8
120,Sam Hunt ,Body Like A Back Road,703,0.0,12,0,790758,2.59538408E8
821,Loud Luxury ,Body,179,0.0,22,0,674679,6.4219434E7
659,Megan Thee Stallion ,Body,187,1.0,10,0,856830,8.0338969E7
146,Cardi B ,Bodak Yellow,489,79.0,2,(x6),1383846,2.3578839E8
49,Lil Mosey ,Blueberry Faygo,603,152.0,2,(x12),1428849,3.55016723E8
503,Elvis Presley ,Blue Christmas,254,0.0,11,0,1959442,1.04768563E8
7,The Weeknd ,Blinding Lights,1100,233.0,1,(x11),2355059,6.44287953E8
194,Rae Sremmurd ,Black Beatles,384,82.0,1,(x21),2318636,2.00178133E8
904,Juice WRLD ,Black & White,242,0.0,24,0,686852,5.8028285E7
789,Rihanna ,Bitch Better Have My Money,362,4.0,6,0,437640,6.7108696E7
706,Drake ,Big Rings,305,0.0,13,0,406675,7.4818115E7
649,Latto ,Big Energy,263,0.0,38,0,412594,8.2202983E7
770,Yung Gravy ,Betty (Get Money),149,0.0,15,0,680508,6.8763185E7
22,Post Malone ,Better Now,862,72.0,1,(x8),3467168,4.63551468E8
389,NEIKED ,Better Days (NEIKED x Mae Muller x Polo G),321,20.0,6,0,883029,1.29400161E8
119,Khalid ,Better,519,14.0,7,0,1413872,2.59760668E8
349,Lil Xan ,Betrayed,374,0.0,21,0,669421,1.4025061E8
305,H.E.R. ,Best Part,635,0.0,53,0,483402,1.54582091E8
371,Saweetie ,Best Friend,299,1.0,10,0,732662,1.35156338E8
112,Imagine Dragons ,Believer,745,5.0,9,0,898836,2.63375966E8
811,Taylor Swift ,Bejeweled,67,18.0,8,0,5096200,6.4685828E7
431,Måneskin ,Beggin',231,29.0,4,0,1100134,1.1892292E8
173,Lewis Capaldi ,Before You Go,672,0.0,39,0,558202,2.11623667E8
674,Luke Combs ,Beer Never Broke My Heart,296,0.0,32,0,569096,7.8948456E7
309,Ed Sheeran ,Beautiful People,309,39.0,3,(x1),1615072,1.52409919E8
689,Maroon 5 ,Beautiful Mistakes,190,0.0,27,0,619022,7.6939291E7
77,Luke Combs ,Beautiful Crazy,1123,0.0,54,0,435905,2.98483119E8
497,Bazzi ,Beautiful,290,0.0,28,0,586218,1.05769712E8
545,Kane Brown ,Be Like That,302,0.0,24,0,651226,9.7216562E7
822,Marshmello ,Be Kind,172,0.0,13,0,1164780,6.4216454E7
830,Cardi B ,Be Careful,135,6.0,9,0,1175624,6.3512782E7
347,Dean Lewis ,Be Alright,453,0.0,19,0,671232,1.41016791E8
472,Cardi B ,Bartier Cardi,221,35.0,3,(x6),1093964,1.09650225E8
78,21 Savage ,Bank Account,553,139.0,1,(x20),1320772,2.98320136E8
636,AJR ,Bang!,298,0.0,36,0,464797,8.4042339E7
646,Jessie J ,Bang Bang,461,77.0,2,(x1),396038,8.2251994E7
72,Juice WRLD ,Bandit,670,97.0,2,(x4),1749825,3.0704816E8
757,Camila Cabello ,Bam Bam,188,0.0,15,0,561180,6.9714662E7
109,Mustard ,Ballin',656,4.0,10,0,986414,2.65117682E8
491,Post Malone ,Ball For Me,215,6.0,8,0,2786889,1.07079418E8
778,Mustard ,Baguettes in the Face,182,0.0,32,0,579774,6.8006179E7
114,Migos ,Bad and Boujee,491,98.0,1,(x32),1816754,2.62086852E8
564,Machine Gun Kelly ,Bad Things  With Camila Cabello,210,36.0,7,0,785738,9.4454737E7
871,Selena Gomez ,Bad Liar,133,2.0,7,0,1149683,6.0028652E7
252,Ed Sheeran ,Bad Habits,350,49.0,7,0,1259918,1.74488164E8
140,Steve Lacy ,Bad Habit,183,136.0,1,(x66),1691327,2.39087671E8
750,Young Thug ,Bad Bad Bad,154,5.0,7,0,1085341,7.0324546E7
516,Halsey ,Bad At Love,260,0.0,22,0,683397,1.01922633E8
574,Selena Gomez ,Back To You,234,0.0,15,0,877343,9.3219297E7
529,Drake ,Back To Back,410,5.0,10,0,437503,1.00323465E8
501,Pooh Shiesty ,Back In Blood,283,7.0,9,0,718634,1.05011176E8
956,DaBaby ,Baby Sitter,182,0.0,55,0,414755,5.5095664E7
407,Quality Control ,Baby (Lil Baby feat. DaBaby),308,0.0,14,0,779096,1.24162581E8
96,Travis Scott ,BUTTERFLY EFFECT,682,18.0,9,0,1568959,2.76763296E8
889,Beyoncé ,BREAK MY SOUL,115,15.0,2,(x2),1990829,5.876615E7
94,DaBaby ,BOP,622,76.0,1,(x1),1601147,2.77705797E8
469,YG ,BIG BANK,267,0.0,21,0,870915,1.10251626E8
631,XXXTENTACION ,BAD!,147,26.0,2,(x2),2102844,8.4596862E7
329,Charlie Puth ,Attention,346,0.0,16,0,797196,1.45299789E8
303,Masked Wolf ,Astronaut In The Ocean,290,58.0,4,0,1028047,1.55387513E8
52,Harry Styles ,As It Was,273,203.0,1,(x40),5953134,3.4866808E8
676,XXXTENTACION ,Arms Around You,154,12.0,2,(x1),1592205,7.8640068E7
129,Juice WRLD ,Armed And Dangerous,756,10.0,9,0,1170042,2.48991383E8
447,Wallows ,Are You Bored Yet?,420,0.0,54,0,399406,1.14791296E8
952,Cigarettes After Sex ,Apocalypse,170,0.0,42,0,402317,5.5292647E7
801,Justin Bieber ,Anyone,145,11.0,1,(x3),1054190,6.5472657E7
434,Travis Scott ,Antidote,535,0.0,12,0,509143,1.18146637E8
406,Taylor Swift ,AntiHero,69,46.0,1,(x14),7786096,1.24825787E8
836,Maroon 5 ,Animals,323,78.0,2,(x13),357602,6.2902009E7
951,John Legend ,All of Me,478,0.0,28,0,247616,5.5369178E7
705,The Chainsmokers ,All We Know,178,35.0,7,0,837948,7.4922652E7
523,Taylor Swift ,All Too Well (10 Minute Version) (Taylor's Version) (From The Vault),205,24.0,1,(x9),3490740,1.0092002E8
737,Jon Bellion ,All Time Low,206,0.0,16,0,701388,7.1474224E7
179,Kendrick Lamar ,All The Stars,404,78.0,2,(x10),1794893,2.07519025E8
865,Snakehips ,All My Friends,258,0.0,36,0,401981,6.059319E7
688,Kanye West ,All Mine,137,17.0,1,(x4),2757615,7.6972755E7
916,Fifth Harmony ,All In My Head (Flex),160,0.0,23,0,523697,5.7664256E7
70,Mariah Carey ,All I Want for Christmas Is You,426,162.0,1,(x15),3987998,3.12323662E8
10,Juice WRLD ,All Girls Are The Same,1681,2.0,5,0,1239152,6.13872384E8
940,Meek Mill ,All Eyes on You,258,0.0,11,0,448477,5.6247567E7
788,Meghan Trainor ,All About That Bass,291,94.0,1,(x34),550471,6.7151753E7
973,Vundabar ,Alien Blues,172,0.0,27,0,461330,5.4041374E7
327,Doja Cat ,Ain't Shit,356,39.0,4,0,1413486,1.45660715E8
592,Fetty Wap ,Again,344,19.0,9,0,502578,8.9804385E7
316,Don Toliver ,After Party,400,0.0,11,0,768932,1.48828688E8
922,The Weeknd ,After Hours,102,16.0,2,(x7),2309285,5.7062099E7
111,Harry Styles ,Adore You,633,18.0,1,(x1),1809594,2.64055553E8
763,City Girls ,Act Up,236,0.0,61,0,404314,6.9423378E7
890,The Weeknd ,Acquainted,407,0.0,13,0,437153,5.8655818E7
317,Lizzo ,About Damn Time,243,51.0,3,(x1),1276164,1.48776441E8
995,Tai Verdes ,AOK,167,0.0,35,0,451540,5.1926588E7
280,Burl Ives ,A Holly Jolly Christmas  Single Version,278,31.0,5,0,4242454,1.63198351E8
781,Beyoncé ,7/11,455,15.0,9,0,343149,6.7910109E7
54,Ariana Grande ,7 rings,559,72.0,1,(x34),3961641,3.32694161E8
342,Lukas Graham ,7 Years,414,79.0,2,(x8),972767,1.4227741E8
393,Morgan Wallen ,7 Summers,388,7.0,3,(x2),2269891,1.28247607E8
274,Fetty Wap ,679,501,111.0,2,(x14),850028,1.65220739E8
156,Arctic Monkeys ,505,692,0.0,13,0,510329,2.31800625E8
803,2 Chainz ,4 AM,195,0.0,19,0,674422,6.541852E7
315,Ariana Grande ,34+35,291,63.0,1,(x5),2698854,1.4886414E8
977,Childish Gambino ,3005,547,0.0,37,0,253876,5.3853351E7
833,David Guetta ,2U,121,6.0,8,0,1014314,6.3383451E7
381,Bruno Mars ,24K Magic,349,13.0,5,0,937406,1.32118188E8
307,YNW Melly ,223's,325,45.0,4,0,1161395,1.52984591E8
400,Polo G ,21,425,0.0,35,0,462532,1.26417091E8
245,Sleepy Hallow ,2055,454,12.0,7,0,826350,1.76244822E8
95,Lil Uzi Vert ,20 Min,1012,0.0,45,0,401156,2.77454899E8
567,Kevin Gates ,2 Phones,337,0.0,15,0,598771,9.4221975E7
60,Logic ,18002738255,590,111.0,1,(x10),1559318,3.20245347E8
769,Metro Boomin ,10 Freaky Girls,159,3.0,7,0,1054273,6.8910633E7
985,Drake ,10 Bands,329,12.0,5,0,536440,5.2875134E7
733,Drake ,0 To 100 / The Catch Up,512,0.0,17,0,225729,7.182784E7
928,Taylor Swift ,...Ready For It?,144,8.0,1,(x2),1597419,5.6613807E7
450,Eminem ,'Till I Collapse,771,0.0,41,0,431726,1.14132725E8
493,Olivia Rodrigo ,"jealousy jealousy",256,4.0,9,0,1994138,1.06842027E8
344,gnash ,"i hate u i love u",385,0.0,16,0,563858,1.41690287E8
776,Taylor Swift ,"You're On Your Own Kid",67,18.0,5,0,6074375,6.8091952E7
838,Daya ,"Sit Still Look Pretty",262,0.0,53,0,314723,6.2564123E7
600,Lil Baby ,"Never Recover (Lil Baby & Gunna Drake)",179,11.0,1,(x1),1813449,8.8382182E7
609,Rich Homie Quan ,"Flex (Ooh Ooh Ooh)",441,0.0,11,0,423842,8.6829715E7
176,G-Eazy,"Eazy  Me Myself & I",513,148.0,2,(x12),997340,2.08480098E8
324,Justin Timberlake ,"CAN'T STOP THE FEELING! (Original Song from DreamWorks Animation's ""TROLLS"")",437,60.0,5,0,936011,1.46405505E8
844,Dean Martin ,"Baby It's Cold Outside",160,0.0,27,0,1465503,6.2187665E7
246,Dan + Shay ,"10 000 Hours",465,21.0,2,(x3),2073482,1.75930281E8
517,$uicideboy$ ,"...And to Those I Love Thanks for Sticking Around",392,0.0,35,0,441747,1.01882235E8
62,Ariana Grande "thank u, next",463,93.0,1,(x42),4190968,3.1798755E8
310,Ariana Grande, "break up with your girlfriend i'm bored",235,49.0,1,(x4),3498779,1.52246486E8
